{"categories_id": 1,"language_id": 1,"categories_name": "Hardware"}
{"categories_id": 2,"language_id": 1,"categories_name": "Software"}
{"categories_id": 3,"language_id": 1,"categories_name": "DVD Movies"}
{"categories_id": 4,"language_id": 1,"categories_name": "Graphics Cards"}
{"categories_id": 5,"language_id": 1,"categories_name": "Printers"}
{"categories_id": 6,"language_id": 1,"categories_name": "Monitors"}
{"categories_id": 7,"language_id": 1,"categories_name": "Speakers"}
{"categories_id": 8,"language_id": 1,"categories_name": "Keyboards"}
{"categories_id": 9,"language_id": 1,"categories_name": "Mice"}
{"categories_id": 10,"language_id": 1,"categories_name": "Action"}
{"categories_id": 11,"language_id": 1,"categories_name": "Science Fiction"}
{"categories_id": 12,"language_id": 1,"categories_name": "Comedy"}
{"categories_id": 13,"language_id": 1,"categories_name": "Cartoons"}
{"categories_id": 14,"language_id": 1,"categories_name": "Thriller"}
{"categories_id": 15,"language_id": 1,"categories_name": "Drama"}
{"categories_id": 16,"language_id": 1,"categories_name": "Memory"}
{"categories_id": 17,"language_id": 1,"categories_name": "CDROM Drives"}
{"categories_id": 18,"language_id": 1,"categories_name": "Simulation"}
{"categories_id": 19,"language_id": 1,"categories_name": "Action"}
{"categories_id": 20,"language_id": 1,"categories_name": "Strategy"}
{"categories_id": 21,"language_id": 1,"categories_name": "Gadgets"}